ProdPortalServiceItem,DevPortalServiceItem
c44cc85d40d241e4beef887f72017d7b,947e1d530c894a68b8348f6030f75ac4
ef6d8cae3c4a4f55bb8937822b157822,b52cf181673242c0b2a2a507f4c954ec
d9791bf9305f49da80e339c260e62df2,7d7351935dff4073a9001f1a04e83d77
820f988bb57a4aab96351b2710b5aed3,2bfba65c82bb4020beedbc0f07e1b0af
bcb140333e7142099dc2685d8423f657,c2fc12c5b3bd41939b459436c1c0c039
3f46fb2325b44dbbbf2f0a5dc66d320e,8b7d749f48194028a2dc0ff5d898e5bf
ebd960f86dea4773b2c4346cb15aa243,0adaad874b2e4a5cb18f56cdb8cef5c4
4b0f86fa99d2429187135eabe664f91f,2a23246619ec4f55a524a67ae35ac569
ff398464ae884902ad8e99610fe86ce7,232c1017e91c40b6ba7a59aafb1066b2
b718d1deae624c909628591416586afd,6d79075e47cc4967b0b7e6a0554b614c
a670c6a124f54702bec06b2fe5b66431,7582673832824deeb347fabc4dd094ba
5403b43167d0408483fd0bbeb03e9328,914c085f0632440fa872bec2dcdecf20
c13efe53833c461c8efc1bf3d413b648,1264f618c4d84b50aca6202b46854a09
f509f022bb8949e081a1cc91e638664e,58dded20a5d94ccb839f5e28a03936c7
b48758910d7f4a3788c59c2f3eb959f3,d8f3db3d16694f28b7de32f9a524ef16
71b566143de344c6b54076dd256652bb,58f01258f54d415d833d315c1c75fdf8
e906919b59f3481082ea41ae242d236a,57c155b5b71d4b378a9f4de5559a725e
c41c698118904e43881387269559e057,19b29e0b628e4877bebcbe855c92113b
adb9b9bff99e4d8fb620db1fc284ac0c,9280cefc5aee4ca1b231366b13b61001
9c090c8c0e894586bdd67e4c2d27254a,17a9e45b465f412280c7fd7e7608850c
9f3f46c5f8ab40438d0bbe07af8d25f0,75a9390a60eb4b208dcf68709db67afb
e3e86a25f93e4690994b0753bfc4d58c,436af72ff9124b03b3c1e5a56ba4b24c
bf057b05a0254e9ea932545fa7c0ddcd,0f234ffde66b4337af9ab5596fdd6906
cee1c6030ad843889b537a0c60b3d8f2,6cbe1da02cab46b3bd47285c67ab9151
041f869420964e4ba0790268e319a1e9,ff013715e61d4fb7aaccf4c191fcf00e
faa840b413c34c3788623076be0531de,33c5625cd00f43899aed6dc853f9da36
76bdfaaec7f74c388a02774cc6571bf6,5b283613400c4d2f9921f7aefd555821
8a403c516ad74c0c9bb8b6fe85aeb6ac,8a403c516ad74c0c9bb8b6fe85aeb6ac
7df2dcf60141418ca0e596c7271155b4,589a2e2a5a734af4b21cf351b01f4edc
8dbce58daf0747679b3dacdb6d8d342e,c904923bde6346969e1a816ca8fb8412
9bc9fc3adffa478da47f2812492b6aed,e1c1f5be0f0c4744b5737c2b2552b708
0726081df0e1454a882b89c14db6687a,081fb693dcb34ac29acc50579fc9cb91
53368c97aa034bef922fc8d5611fe04b,24f34230ab14456191717f3ed2734c40
e6452b6355bb4c4e96688b17f11ae564,8949d2b77c0a45dabc15f415e492e4a7
9d97e0e61a304e8588073e3b67f7f68a,6a96295b17ff432f82b99c89708b4ea1
c0b157ba85b44e98a6e1b5b763298290,873ecf5116574c4da3d087bf2f363f9e
ba477df0b3e546ba90b9aaa14fb42f1c,cb0f188b6f164ba48ef26f93b9748f1d
f90ba50ae3d3477c873e70c25f461109,9c577b6801cd45b59241d67de911dc6b
0f9f3ab76d9e4d13b346f80e07956df7,7c722a66e26b482e8c610904e0c44fb5
2b5e680d698844c5890c9ff0f5ace687,19d0b4cde5644008a8ba828714a87a90
80af84a0596143a6b22f8637dffc4809,a61112855f6c4d19995fd514dc6a9402
e6f253a0a5144bb5abfa1469944cccb6,586be712e2bd46949d493532e5a6bb71
8a84c72cb210427cbe0a68c8c006b8b0,d04daa4c81c0445197a7f262c4fe5ea0
1c63ef99927b40c5974372445635651d,466871724c9747cdba428563e8129b1a
ddae1bed86de4a448f00f2f0d1f05be4,15f68893ea5049e2a8aaa6ff2cda9e4a
ae4278ab702c4e30b3857a71d0419503,88cd5ce0ca9d4efdb788d48d820b9158
15298c80667f431a8472c83ba0dde8b4,f58b873af794422ab194b849bce82858
19857b3fc9514da1a0d1f681a3983ead,3320b75f708a428e87a6029f555b3fb9
2e0f4b28ffab40dca0f71f97a0ce0098,c3919b90afcb4d129b872fb78b012fa4
e316f42b13d74268a8f403cc8a9c5a01,e2bf7cbb95a74cff8d38c8227939bef9
ac72c7baeec94c63aa6a30451cbea62d,36c0b463db594ab69c2dd466cc9edfa4
6b4b08d2b2874cac8043f5a3f33337d7,08e7b80351674e24a2a02a313dd94400
77536af1018241ec8d57bb70f2b03a09,0581baea4b3247c58ef8b711b835dfa2
95a57b9f7c7f400a8a00a24cc73a03c0,40d221de5cda4081817a010615fce6ea
a195bc7a549d442896df01e4a3a82017,ea9a506b62d04a81bad9a8accb45aeec
